{
    "$schema": "https://go.kicad.org/pcm/schemas/v1",
    "name": "Snap To Grid",
    "description": "Snap all selected footprints to the nearest grid point",
    "description_full": "Snap all selected footprints to the nearest grid point. This is useful for quickly aligning multiple footprints to a grid.",
    "identifier": "com.github.sagarHackeD.SnapToGridKiCAD",
    "type": "plugin",
    "author": {
        "name": "Sagar Naik",
        "contact": {
            "web": "https://github.com/sagarHackeD",
            "github": "https://github.com/sagarHackeD"
        }
    },
    "maintainer": {
        "name": "Sagar Naik",
        "contact": {
            "web": "https://github.com/sagarHackeD",
            "github": "https://github.com/sagarHackeD"
        }
    },
    "license": "GPL-3.0",
    "resources": {
        "homepage": "https://github.com/sagarHackeD/Snap_To_Grid_KiCAD"
    },
    "tags": [
        "snap",
        "footprint",
        "grid"
    ],
    "versions": [
        {
            "version": "1.0.0",
            "status": "stable",
            "kicad_version": "6.0",
            "download_url": "https://github.com/sagarHackeD/Snap_To_Grid_KiCAD/releases/download/v1.0.0/kicad-package.zip"
        }
    ]
}